{
  "hash": "bb375622",
  "configHash": "9229bffa",
  "lockfileHash": "5487aa6c",
  "browserHash": "34c90a29",
  "optimized": {
    "@angular/cdk/bidi": {
      "src": "../../../../../../node_modules/@angular/cdk/fesm2022/bidi.mjs",
      "file": "@angular_cdk_bidi.js",
      "fileHash": "0fc25791",
      "needsInterop": false
    },
    "@angular/common": {
      "src": "../../../../../../node_modules/@angular/common/fesm2022/common.mjs",
      "file": "@angular_common.js",
      "fileHash": "335c5778",
      "needsInterop": false
    },
    "@angular/common/http": {
      "src": "../../../../../../node_modules/@angular/common/fesm2022/http.mjs",
      "file": "@angular_common_http.js",
      "fileHash": "e63d2acb",
      "needsInterop": false
    },
    "@angular/core": {
      "src": "../../../../../../node_modules/@angular/core/fesm2022/core.mjs",
      "file": "@angular_core.js",
      "fileHash": "2c140cba",
      "needsInterop": false
    },
    "@angular/forms": {
      "src": "../../../../../../node_modules/@angular/forms/fesm2022/forms.mjs",
      "file": "@angular_forms.js",
      "fileHash": "687664f8",
      "needsInterop": false
    },
    "@angular/material/button": {
      "src": "../../../../../../node_modules/@angular/material/fesm2022/button.mjs",
      "file": "@angular_material_button.js",
      "fileHash": "57acff50",
      "needsInterop": false
    },
    "@angular/material/dialog": {
      "src": "../../../../../../node_modules/@angular/material/fesm2022/dialog.mjs",
      "file": "@angular_material_dialog.js",
      "fileHash": "e4519b70",
      "needsInterop": false
    },
    "@angular/material/table": {
      "src": "../../../../../../node_modules/@angular/material/fesm2022/table.mjs",
      "file": "@angular_material_table.js",
      "fileHash": "79148b1d",
      "needsInterop": false
    },
    "@angular/platform-browser": {
      "src": "../../../../../../node_modules/@angular/platform-browser/fesm2022/platform-browser.mjs",
      "file": "@angular_platform-browser.js",
      "fileHash": "4be941a6",
      "needsInterop": false
    },
    "@angular/platform-browser/animations/async": {
      "src": "../../../../../../node_modules/@angular/platform-browser/fesm2022/animations/async.mjs",
      "file": "@angular_platform-browser_animations_async.js",
      "fileHash": "64fb9c96",
      "needsInterop": false
    },
    "@angular/router": {
      "src": "../../../../../../node_modules/@angular/router/fesm2022/router.mjs",
      "file": "@angular_router.js",
      "fileHash": "19a148ab",
      "needsInterop": false
    }
  },
  "chunks": {
    "platform-browser-ZVZDBAZE": {
      "file": "platform-browser-ZVZDBAZE.js"
    },
    "chunk-OHWI2S6G": {
      "file": "chunk-OHWI2S6G.js"
    },
    "chunk-KTEBPFH6": {
      "file": "chunk-KTEBPFH6.js"
    },
    "chunk-FCVSFROB": {
      "file": "chunk-FCVSFROB.js"
    },
    "chunk-CECMZ64V": {
      "file": "chunk-CECMZ64V.js"
    },
    "chunk-YCSJMAJD": {
      "file": "chunk-YCSJMAJD.js"
    },
    "chunk-VOOSZDXL": {
      "file": "chunk-VOOSZDXL.js"
    },
    "chunk-MNJNXC2A": {
      "file": "chunk-MNJNXC2A.js"
    },
    "chunk-CIXDDK5T": {
      "file": "chunk-CIXDDK5T.js"
    },
    "chunk-RK4RFECB": {
      "file": "chunk-RK4RFECB.js"
    },
    "chunk-57Y4FKOD": {
      "file": "chunk-57Y4FKOD.js"
    }
  }
}